---- STUDENT----
insert into student values ('51135593','Maria White','English','SR',21);
insert into student values('60839453','Charles Harris','Architecture','SR',22);
insert into student values('99354543','Susan Martin','Law','JR',20);
insert into student values('112348546','Susan Martin','Computer Science','SO',19);
insert into student values('115987938','Christopher Garcia','Computer Science','JR',20);
insert into student values('13297756','Angela Martinez','History','SR',20);
insert into student values('269734834','Thomas Robinson','Psychology','SO',18);
insert into student values('280158572','Margaret Clark','Animal Science','FR',18);
insert into student values('301221823','Juan Rodriguez','Psychology','JR',20);
insert into student values('318548912','Dorthy Lewis','Finance','FR',18);
insert into student values('320874981','Daniel Lee','Electrical Engineering','FR',17);
insert into student values('322654189','Lisa Walker','Computer Science','SO',17);
insert into student values('348121549','Paul Hall','Computer Science','JR',18);
insert into student values('351565322','Nancy Allen','Accounting','JR',19);
insert into student values('451519864','Mark Young','Finance','FR',18);
insert into student values('455798411','Luis Hernandez','Electrical Engineering','FR',17);
insert into student values('462156489','Donald King','Mechanical Engineering','SO',19);
insert into student values('550156548','George Wright','Education','SR',21);
insert into student values('552455318','Ana Lopez','Computer Engineering','SR',19);
insert into student values('556784565','Kenneth Hill','Civil Engineering','SR',21);
insert into student values('567354612','Karen Scott','Computer Engineering','FR',18);
insert into student values('573284895','Steven Green','Kinesiology','SO',19);
insert into student values('574489456','Betty Adams','Economics','JR',20);
insert into student values('578875478','Edward Baker','Veterinanry Medicine','SR',21);

-------- FACULTY------
insert into faculty values('142519864','Ivana Teach',20);
insert into faculty values('242518965','James Smith',68);
insert into faculty values('141582651','Mary Johnson',20);
insert into faculty values('11564812','John Williams',68);
insert into faculty values('254099823','Patricia Jones',68);
insert into faculty values('356187925','Robert Brown',12);
insert into faculty values('489456522','Linda Davis',20);
insert into faculty values('287321212','Michael Miller',12);
insert into faculty values('248965255','Barbara Wilson',12);
insert into faculty values('159542516','William Moore',33);
insert into faculty values('90873519','Elizabeth Taylor',11);
insert into faculty values('486512566','David Anderson',20);
insert into faculty values('619023588','Jennifer Thomas',11);
insert into faculty values('489221823','Richard Jackson',33);
insert into faculty values('548977562','Ulysses Teach',20);

------- kelas --------
insert into kelas values('Data Structures','MWF 10','R128','489456522');
insert into kelas values('Database Systems','MWF 12:30-1:45','1320 DCL','142519864');
insert into kelas values('Operating System Design','TuTh 12-1:20','20 AVW','489456522');
insert into kelas values('Archaeology of the Incas ','MWF 3-4:15','R128','248965255');
insert into kelas values('Aviation Accident Investigation','TuTh 1-2:50','Q3','11564812');
insert into kelas values('Air Quality Engineering','TuTh 10:30-11:45','R15','11564812');
insert into kelas values('Introductory Latin','MWF 3-4:15','R12','248965255');
insert into kelas values('American Political Parties','TuTh 2-3:15','20 AVW','619023588');
insert into kelas values('Social Cognition','Tu 6:30-8:40','R15','159542516');
insert into kelas values('Perception','MTuWTh 3','Q3','489221823');
insert into kelas values('Multivariate Analysis','TuTh 2-3:15','R15','90873519');
insert into kelas values('Patent Law','F 1-2:50','R128','90873519');
insert into kelas values('Urban Economics','MWF 11','20 AVW','489221823');
insert into kelas values('Organic Chemistry','TuTh 12:30-1:45','R12','489221823');
insert into kelas values('Marketing Research','MW 10-11:15','1320 DCL','489221823');
insert into kelas values('Seminar in American Art','M 4','R15','489221823');
insert into kelas values('Orbital Mechanics','MWF 8','1320 DCL','11564812');
insert into kelas values('Dairy Herd Management','TuTh 12:30-1:45','R128','356187925');
insert into kelas values('Communication Networks','MW 9:30-10:45','20 AVW','141582651');
insert into kelas values('Optical Electronics','TuTh 12:30-1:45','R15','254099823');
insert into kelas values('Intoduction to Math','TuTh 8-9:30','R128','489221823');

--------- ENROLLED ------------
insert into enrolled values('112348546','Database Systems');
insert into enrolled values('115987938','Database Systems');
insert into enrolled values('348121549','Database Systems');
insert into enrolled values('322654189','Database Systems');
insert into enrolled values('552455318','Database Systems');
insert into enrolled values('455798411','Operating System Design');
insert into enrolled values('552455318','Operating System Design');
insert into enrolled values('567354612','Operating System Design');
insert into enrolled values('112348546','Operating System Design');
insert into enrolled values('115987938','Operating System Design');
insert into enrolled values('322654189','Operating System Design');
insert into enrolled values('567354612','Data Structures');
insert into enrolled values('552455318','Communication Networks');
insert into enrolled values('455798411','Optical Electronics');
insert into enrolled values('301221823','Perception');
insert into enrolled values('301221823','Social Cognition');
insert into enrolled values('301221823','American Political Parties');
insert into enrolled values('556784565','Air Quality Engineering');
insert into enrolled values('99354543','Patent Law');
insert into enrolled values('574489456','Urban Economics');
